{
  "config": {
    "benchmark": "mpe",
    "env_id": "simple_reference",
    "arm": "ippo",
    "seed": 0,
    "total_steps": 187500,
    "rollout_len": 256,
    "eval_every": 46875,
    "eval_episodes": 50,
    "T_warm": 200000,
    "threshold": -10.0,
    "output_dir": "artifacts/pilot",
    "device": "cuda",
    "ippo": {
      "actor_lr": 0.0003,
      "critic_lr": 0.001,
      "n_epochs": 4,
      "minibatch_size": 256,
      "clip_eps": 0.2,
      "entropy_coef": 0.01,
      "grad_clip": 0.5,
      "gamma": 0.99,
      "gae_lambda": 0.95,
      "eta_inner": 0.1,
      "correction_clip": 1.0
    }
  },
  "first_hit_step": -1,
  "evals": [
    {
      "eval_return_mean": -42.53597351266243,
      "eval_return_median": -40.36388053062504,
      "eval_return_std": 12.60994254389795,
      "eval_n": 50,
      "step": 512,
      "wall_seconds": 2.8288156986236572,
      "success": false
    },
    {
      "eval_return_mean": -28.630832307364678,
      "eval_return_median": -28.363171654252298,
      "eval_return_std": 9.887591887035956,
      "eval_n": 50,
      "step": 47616,
      "wall_seconds": 86.57214665412903,
      "success": false
    },
    {
      "eval_return_mean": -28.944862328272098,
      "eval_return_median": -28.681073666774836,
      "eval_return_std": 8.691788412840037,
      "eval_n": 50,
      "step": 94720,
      "wall_seconds": 170.26648473739624,
      "success": false
    },
    {
      "eval_return_mean": -35.035032197098914,
      "eval_return_median": -34.976982783649916,
      "eval_return_std": 12.590083659430995,
      "eval_n": 50,
      "step": 141824,
      "wall_seconds": 253.8814845085144,
      "success": false
    }
  ],
  "final_eval": {
    "eval_return_mean": -24.705177830068525,
    "eval_return_median": -23.949452632267374,
    "eval_return_std": 8.037654512392967,
    "eval_n": 100,
    "step": 187904,
    "wall_seconds": 336.02049016952515,
    "success": false,
    "final": true
  },
  "total_steps": 187904
}