{
  "config": {
    "benchmark": "mpe",
    "env_id": "simple_reference",
    "arm": "ippo",
    "seed": 3,
    "total_steps": 187500,
    "rollout_len": 256,
    "eval_every": 46875,
    "eval_episodes": 50,
    "T_warm": 200000,
    "threshold": -10.0,
    "output_dir": "artifacts/pilot",
    "device": "cuda",
    "ippo": {
      "actor_lr": 0.0003,
      "critic_lr": 0.001,
      "n_epochs": 4,
      "minibatch_size": 256,
      "clip_eps": 0.2,
      "entropy_coef": 0.01,
      "grad_clip": 0.5,
      "gamma": 0.99,
      "gae_lambda": 0.95,
      "eta_inner": 0.1,
      "correction_clip": 1.0
    }
  },
  "first_hit_step": -1,
  "evals": [
    {
      "eval_return_mean": -32.06430399455099,
      "eval_return_median": -29.76925605977229,
      "eval_return_std": 10.272362814066867,
      "eval_n": 50,
      "step": 512,
      "wall_seconds": 2.786708354949951,
      "success": false
    },
    {
      "eval_return_mean": -29.83891012242141,
      "eval_return_median": -29.180293344986396,
      "eval_return_std": 8.91816980612178,
      "eval_n": 50,
      "step": 47616,
      "wall_seconds": 86.68232607841492,
      "success": false
    },
    {
      "eval_return_mean": -38.90574303404845,
      "eval_return_median": -38.178250609167804,
      "eval_return_std": 10.37576969846183,
      "eval_n": 50,
      "step": 94720,
      "wall_seconds": 170.81181931495667,
      "success": false
    },
    {
      "eval_return_mean": -35.90209938638722,
      "eval_return_median": -35.81821952687062,
      "eval_return_std": 9.386502022831241,
      "eval_n": 50,
      "step": 141824,
      "wall_seconds": 254.95589137077332,
      "success": false
    }
  ],
  "final_eval": {
    "eval_return_mean": -26.74779809718173,
    "eval_return_median": -24.91173064618475,
    "eval_return_std": 7.956906728452812,
    "eval_n": 100,
    "step": 187904,
    "wall_seconds": 338.6479449272156,
    "success": false,
    "final": true
  },
  "total_steps": 187904
}