{
  "config": {
    "benchmark": "mpe",
    "env_id": "simple_speaker_listener",
    "arm": "ippo",
    "seed": 1,
    "total_steps": 187500,
    "rollout_len": 256,
    "eval_every": 46875,
    "eval_episodes": 50,
    "T_warm": 200000,
    "threshold": -10.0,
    "output_dir": "artifacts/pilot",
    "device": "cuda",
    "ippo": {
      "actor_lr": 0.0003,
      "critic_lr": 0.001,
      "n_epochs": 4,
      "minibatch_size": 256,
      "clip_eps": 0.2,
      "entropy_coef": 0.01,
      "grad_clip": 0.5,
      "gamma": 0.99,
      "gae_lambda": 0.95,
      "eta_inner": 0.1,
      "correction_clip": 1.0
    }
  },
  "first_hit_step": -1,
  "evals": [
    {
      "eval_return_mean": -31.177717668116657,
      "eval_return_median": -29.309689293028363,
      "eval_return_std": 21.674944556153754,
      "eval_n": 50,
      "step": 512,
      "wall_seconds": 2.726365327835083,
      "success": false
    },
    {
      "eval_return_mean": -26.754168088636565,
      "eval_return_median": -17.304938673781052,
      "eval_return_std": 22.35152339049312,
      "eval_n": 50,
      "step": 47616,
      "wall_seconds": 81.72626900672913,
      "success": false
    },
    {
      "eval_return_mean": -25.74694180059873,
      "eval_return_median": -16.241237956245676,
      "eval_return_std": 21.30257753764061,
      "eval_n": 50,
      "step": 94720,
      "wall_seconds": 162.23673057556152,
      "success": false
    },
    {
      "eval_return_mean": -27.979177296587242,
      "eval_return_median": -17.51572719352538,
      "eval_return_std": 23.848847928452322,
      "eval_n": 50,
      "step": 141824,
      "wall_seconds": 243.6024570465088,
      "success": false
    }
  ],
  "final_eval": {
    "eval_return_mean": -23.678183129156718,
    "eval_return_median": -17.740484350642873,
    "eval_return_std": 18.633739521454707,
    "eval_n": 100,
    "step": 187904,
    "wall_seconds": 323.77018690109253,
    "success": false,
    "final": true
  },
  "total_steps": 187904
}